duid,alpha,beta,type,station,fuel_type,schedule_type,region
BERYLSF1,-0.00123147404811538,0.999994688126639,Gen,Beryl Solar Farm,Solar,Semi-scheduled,NSW
BLOWERNG,6.17119940034653,0.97227501588373,Gen,Blowering,Hydro,Scheduled,NSW
BOCORWF1,2.20266412583032,1.00594695660631,Gen,Boco Rock Wind Farm,Wind,Semi-scheduled,NSW
BODWF1,-0.0779266681851417,0.998875969821776,Gen,Bodangora Wind Farm,Wind,Semi-scheduled,NSW
BROKENH1,-10.2394512670568,0.985558918045313,Gen,Broken Hill Solar Plant,Solar,Semi-scheduled,NSW
BW01,0.0415344269240345,0.998552085728519,Gen,Bayswater,Black Coal,Scheduled,NSW
BW02,0.0415344269240345,0.998552085728519,Gen,Bayswater,Black Coal,Scheduled,NSW
BW03,0.0352853471921113,0.998762419804292,Gen,Bayswater,Black Coal,Scheduled,NSW
BW04,0.0352853471921113,0.998762419804292,Gen,Bayswater,Black Coal,Scheduled,NSW
CG1,-0.13604894135663,1.0043924747403,Gen,Colongra,Gas,Scheduled,NSW
CG2,-0.13604894135663,1.0043924747403,Gen,Colongra,Gas,Scheduled,NSW
CG3,-0.13604894135663,1.0043924747403,Gen,Colongra,Gas,Scheduled,NSW
CG4,-0.13604894135663,1.0043924747403,Gen,Colongra,Gas,Scheduled,NSW
COLEASF1,-68.4734444737247,1.14661294992424,Gen,Coleambally Solar Farm,Solar,Semi-scheduled,NSW
CROOKWF2,2.23831326175142,1.0054878116646,Gen,Crookwell 2 Wind Farm,Wind,Semi-scheduled,NSW
ER01,0.0854676597929897,0.997018252773374,Gen,Eraring,Black Coal,Scheduled,NSW
ER02,0.0854676597929897,0.997018252773374,Gen,Eraring,Black Coal,Scheduled,NSW
ER03,0.0502709729482127,0.99814821297092,Gen,Eraring,Black Coal,Scheduled,NSW
ER04,0.0502709729482127,0.99814821297092,Gen,Eraring,Black Coal,Scheduled,NSW
FINLYSF1,-22.3751150713882,1.05067678701496,Gen,Finely Solar Farm,Solar,Semi-scheduled,NSW
GULLRSF1,2.23828934370811,1.00548852633557,Gen,Gullen Solar Farm,Solar,Semi-scheduled,NSW
GULLRWF1,2.18798456742591,1.00545490299891,Gen,Gullen Range Wind Farm,Wind,Semi-scheduled,NSW
GUNNING1,1.8515965659846,0.98894126562653,Gen,Gunning Wind Farm,Wind,Semi-scheduled,NSW
GUTHEGA,-6.72165175122491,1.00045675448462,Gen,Guthega,Hydro,Scheduled,NSW
HUMENSW,25.8435470805487,0.988259144267921,Gen,Hume Hydro,Hydro,Scheduled,NSW
HVGTS,0.0438033555767399,0.998474006650992,Gen,Hunter Valley GT,Gas,Scheduled,NSW
LD01,0.0438033555767399,0.998474006650992,Gen,Liddell,Black Coal,Scheduled,NSW
LD02,0.0438033555767399,0.998474006650992,Gen,Liddell,Black Coal,Scheduled,NSW
LD03,0.0438033555767399,0.998474006650992,Gen,Liddell,Black Coal,Scheduled,NSW
LD04,0.0438033555767399,0.998474006650992,Gen,Liddell,Black Coal,Scheduled,NSW
LIMOSF21,-0.00243915243484149,1.00000679814068,Gen,Limondale Solar Farm 2,Solar,Semi-scheduled,NSW
MANSLR1,0.0218461250999442,0.999206909089786,Gen,Manildra Solar Farm,Solar,Semi-scheduled,NSW
MM3,6.95679455509458e-12,0.999999999999918,Gen,Munmorah,Black Coal,Scheduled,NSW
MM4,6.95679455509458e-12,0.999999999999918,Gen,Munmorah,Black Coal,Scheduled,NSW
MOREESF1,-2.79907181190668,0.970926499033839,Gen,Moree Solar Farm,Solar,Semi-scheduled,NSW
MP1,0.02085840013676,0.999257139117215,Gen,Mt Piper,Black Coal,Scheduled,NSW
MP2,0.02085840013676,0.999257139117215,Gen,Mt Piper,Black Coal,Scheduled,NSW
NEVERSF1,6.95679455509458e-12,0.999999999999918,Gen,NEVERTIRE SOLAR FARM,Solar,Semi-scheduled,NSW
NYNGAN1,0.0234202607988335,0.999166753610199,Gen,Nyngan Solar Plant,Solar,Semi-scheduled,NSW
PARSF1,0.0210402209191398,0.999224821835904,Gen,Parkes Solar Farm,Solar,Semi-scheduled,NSW
SAPHWF1,50.0281427282054,0.349506143804214,Gen,Sapphire Wind Farm,Wind,Semi-scheduled,NSW
SHGEN,0.00581730686807798,0.999599549136427,Gen,Shoalhaven,Pumped Hydro (Release),Scheduled,NSW
SHPUMP,-0.00581730683239636,1.00040045086315,Load,Shoalhaven,Pumped Hydro (Pumping),Scheduled,NSW
SITHE01,6.95679455509458e-12,0.999999999999918,Gen,Smithfield Energy Facility,Gas,Scheduled,NSW
SNOWYP,-7.87668463305167,1.04438448286724,Load,Tumut 3,Pumped Hydro (Pumping),Scheduled,NSW
STWF1,-18.2486648191467,0.934504579735693,Gen,Silverton Wind Farm,Wind,Semi-scheduled,NSW
TALWA1,0.0142029983950884,0.99949235250576,Gen,Tallawarra,Gas,Scheduled,NSW
TARALGA1,2.00929844718502,1.00382463455909,Gen,Taralga Wind Farm,Wind,Semi-scheduled,NSW
TUMUT3,11.1425565799578,0.975477623234645,Gen,Tumut 3,Pumped Hydro (Release),Scheduled,NSW
UPPTUMUT,11.4123021542363,1.03456510128346,Gen,Upper Tumut,Hydro,Scheduled,NSW
URANQ11,18.947367931661,1.0085955844474,Gen,Uranquinty,Gas,Scheduled,NSW
URANQ12,18.9734843387604,1.00865937363606,Gen,Uranquinty,Gas,Scheduled,NSW
URANQ13,18.9196326046584,1.00855035343142,Gen,Uranquinty,Gas,Scheduled,NSW
URANQ14,18.947367931661,1.0085955844474,Gen,Uranquinty,Gas,Scheduled,NSW
VP5,0.126227038290005,0.995760535289838,Gen,Vales Point B,Black Coal,Scheduled,NSW
VP6,0.126227038290005,0.995760535289838,Gen,Vales Point B,Black Coal,Scheduled,NSW
WOODLWN1,2.15844540568524,1.00572281233004,Gen,Woodlawn Wind Farm,Wind,Semi-scheduled,NSW
WRSF1,-0.153818489644689,0.992115906555346,Gen,White Rock Solar Farm,Solar,Semi-scheduled,NSW
WRWF1,-0.153818489644689,0.992115906555346,Gen,White Rock Wind Farm,Wind,Semi-scheduled,NSW
WW7,6.95679455509458e-12,0.999999999999918,Gen,Wallerawang,Black Coal,Scheduled,NSW
WW8,6.95679455509458e-12,0.999999999999918,Gen,Wallerawang,Black Coal,Scheduled,NSW
BARCALDN,16.3109322324857,0.129028719844657,Gen,Barcaldine,Gas,Scheduled,QLD
BARRON-1,16.3916735702512,0.129279200518967,Gen,Barron Gorge,Hydro,Scheduled,QLD
BARRON-2,16.4018708712677,0.12927917397237,Gen,Barron Gorge,Hydro,Scheduled,QLD
BRAEMAR1,44.6580861280108,0.364959860755352,Gen,Braemar 1,Gas,Scheduled,QLD
BRAEMAR2,44.6580861280108,0.364959860755352,Gen,Braemar 1,Gas,Scheduled,QLD
BRAEMAR3,44.6580861280108,0.364959860755352,Gen,Braemar 1,Gas,Scheduled,QLD
BRAEMAR5,44.6580861280108,0.364959860755352,Gen,Braemar 2,Gas,Scheduled,QLD
BRAEMAR6,44.6580861280108,0.364959860755352,Gen,Braemar 2,Gas,Scheduled,QLD
BRAEMAR7,44.6580861280108,0.364959860755352,Gen,Braemar 2,Gas,Scheduled,QLD
CALL_A_2,-5.37468482562952e-12,1.00000000000007,Gen,Callide,Black Coal,Scheduled,QLD
CALL_B_1,16.293227545032,0.144595786127882,Gen,Callide,Black Coal,Scheduled,QLD
CALL_B_2,16.293227545032,0.144595786127882,Gen,Callide,Black Coal,Scheduled,QLD
CHILDSF1,47.9229487968045,0.244077228267159,Gen,Childers Solar Farm,Solar,Semi-scheduled,QLD
CLARESF1,16.5261904987971,0.131873490730428,Gen,Clare Solar Farm,Solar,Semi-scheduled,QLD
CLERMSF1,13.5439757544606,0.23233749926466,Gen,Clermont Solar Farm,Solar,Semi-scheduled,QLD
COLNSV_1,-5.37468482562952e-12,1.00000000000007,Gen,Collinsville,Black Coal,Scheduled,QLD
COLNSV_2,-5.37468482562952e-12,1.00000000000007,Gen,Collinsville,Black Coal,Scheduled,QLD
COLNSV_3,-5.37468482562952e-12,1.00000000000007,Gen,Collinsville,Black Coal,Scheduled,QLD
COLNSV_4,-5.37468482562952e-12,1.00000000000007,Gen,Collinsville,Black Coal,Scheduled,QLD
COLNSV_5,-5.37468482562952e-12,1.00000000000007,Gen,Collinsville,Black Coal,Scheduled,QLD
COOPGWF1,44.7053413716967,0.364238505819956,Gen,Coopers Gap Wind Farm,Wind,Semi-scheduled,QLD
CPP_3,16.293227545032,0.144595786127882,Gen,Callide,Black Coal,Scheduled,QLD
CPP_4,16.293227545032,0.144595786127882,Gen,Callide,Black Coal,Scheduled,QLD
CPSA,44.6619057755815,0.364842579425535,Gen,Condamine,Gas,Scheduled,QLD
CSPVPS1,3.59613794304874,0.187118979021821,Gen,Collinsville Solar PV,Solar,Semi-scheduled,QLD
DAYDSF1,16.4045207367439,0.129744403798548,Gen,Daydream Solar Farm,Solar,Semi-scheduled,QLD
DDPS1,44.6546548537925,0.365061705956731,Gen,Darling Downs,Gas,Scheduled,QLD
DDSF1,44.6546548537925,0.365061705956731,Gen,Darling Downs Solar Farm,Solar,Semi-scheduled,QLD
EMERASF1,15.0790135021501,0.131443661423787,Gen,Emerald Solar Park,Solar,Semi-scheduled,QLD
GSTONE1,16.7343187027948,0.104722685572532,Gen,Gladstone,Black Coal,Scheduled,QLD
GSTONE2,16.7343187027948,0.104722685572532,Gen,Gladstone,Black Coal,Scheduled,QLD
GSTONE3,14.3738991601092,0.0443806969758988,Gen,Gladstone,Black Coal,Scheduled,QLD
GSTONE4,14.3738991601092,0.0443806969758988,Gen,Gladstone,Black Coal,Scheduled,QLD
GSTONE5,16.7343187027948,0.104722685572532,Gen,Gladstone,Black Coal,Scheduled,QLD
GSTONE6,16.7142254432528,0.104103264825288,Gen,Gladstone,Black Coal,Scheduled,QLD
HAMISF1,16.3089616970851,0.129696842774749,Gen,Hamilton Solar Farm,Solar,Semi-scheduled,QLD
HAUGHT11,6.56689461979668,0.161957252532266,Gen,Haughton Solar Farm Stage 1 Units 1-81,Solar,Semi-scheduled,QLD
HAYMSF1,16.4051851565382,0.129747347717856,Gen,Hayman Solar Farm,Solar,Semi-scheduled,QLD
KAREEYA1,16.4018708712677,0.12927917397237,Gen,Kareeya,Hydro,Scheduled,QLD
KAREEYA2,16.4018708712677,0.12927917397237,Gen,Kareeya,Hydro,Scheduled,QLD
KAREEYA3,16.4018708712677,0.12927917397237,Gen,Kareeya,Hydro,Scheduled,QLD
KAREEYA4,16.4018708712677,0.12927917397237,Gen,Kareeya,Hydro,Scheduled,QLD
KPP_1,44.8088892242004,0.360054253561759,Gen,Kogan Creek,Black Coal,Scheduled,QLD
KSP1,16.5725563419775,0.131762392737599,Gen,Kidston Solar Stage 1,Solar,Semi-scheduled,QLD
LILYSF1,-2.03038747077777,0.164036745166147,Gen,Lilyvale Solar Farm,Solar,Semi-scheduled,QLD
MACKAYGT,16.4011292263495,0.129297787183217,Gen,Mackay,Liquid Fuel,Scheduled,QLD
MEWF1,-4.04609798551986,0.146467171323879,Gen,Mount Emerald Wind Farm,Wind,Semi-scheduled,QLD
MPP_1,42.5995903505133,0.396910593875425,Gen,Millmerran,Black Coal,Scheduled,QLD
MPP_2,42.5995903505133,0.396910593875425,Gen,Millmerran,Black Coal,Scheduled,QLD
MSTUART1,16.4739743090134,0.127759636166003,Gen,Mt Stuart,Liquid Fuel,Scheduled,QLD
MSTUART2,16.4739743090134,0.127759636166003,Gen,Mt Stuart,Liquid Fuel,Scheduled,QLD
MSTUART3,16.4739743090134,0.127759636166003,Gen,Mt Stuart,Liquid Fuel,Scheduled,QLD
OAKEY1,0.00390715028632709,0.999897935512289,Gen,Oakey,Gas,Scheduled,QLD
OAKEY1SF,0.0049422773172272,0.999898771703124,Gen,Oakey 1 Solar Farm,Solar,Semi-scheduled,QLD
OAKEY2,0.00390715028632709,0.999897935512289,Gen,Oakey,Gas,Scheduled,QLD
OAKEY2SF,-0.952852393448197,0.996375169652299,Gen,Oakey 2 Solar Farm,Solar,Semi-scheduled,QLD
PUMP1,-5.37468482562952e-12,1.00000000000007,Load,Wivenhoe,Pumped Hydro (Pumping),Scheduled,QLD
PUMP2,-5.37468482562952e-12,1.00000000000007,Load,Wivenhoe,Pumped Hydro (Pumping),Scheduled,QLD
ROMA_7,44.6619057755815,0.364842579425535,Gen,Roma,Gas,Scheduled,QLD
ROMA_8,44.6619057755815,0.364842579425535,Gen,Roma,Gas,Scheduled,QLD
RRSF1,15.2033948320711,0.13101490815257,Gen,Ross River Solar Farm,Solar,Semi-scheduled,QLD
RUGBYR1,15.9491655214745,0.144276426313217,Gen,Rugby Run Solar Farm,Solar,Semi-scheduled,QLD
SMCSF1,9.62112364252553,0.137747573181997,Gen,Sun Metals Solar Farm,Solar,Semi-scheduled,QLD
SRSF1,47.6699048779084,0.243595552164549,Gen,Susan River Solar Farm,Solar,Semi-scheduled,QLD
STAN-1,16.5613825665882,0.131755239315093,Gen,Stanwell,Black Coal,Scheduled,QLD
STAN-2,16.5613825665882,0.131755239315093,Gen,Stanwell,Black Coal,Scheduled,QLD
STAN-3,16.5613825665882,0.131755239315093,Gen,Stanwell,Black Coal,Scheduled,QLD
STAN-4,16.5613825665882,0.131755239315093,Gen,Stanwell,Black Coal,Scheduled,QLD
SWAN_B_1,-5.37468482562952e-12,1.00000000000007,Gen,Swanbank,Black Coal,Scheduled,QLD
SWAN_B_2,-5.37468482562952e-12,1.00000000000007,Gen,Swanbank,Black Coal,Scheduled,QLD
SWAN_B_3,-5.37468482562952e-12,1.00000000000007,Gen,Swanbank,Black Coal,Scheduled,QLD
SWAN_B_4,-5.37468482562952e-12,1.00000000000007,Gen,Swanbank,Black Coal,Scheduled,QLD
SWAN_E,0.00278940043955756,1.00000687229756,Gen,Swanbank,Gas,Scheduled,QLD
TARONG#1,44.6380797912173,0.365563260399334,Gen,Tarong,Black Coal,Scheduled,QLD
TARONG#2,44.6380797912173,0.365563260399334,Gen,Tarong,Black Coal,Scheduled,QLD
TARONG#3,44.6380797912173,0.365563260399334,Gen,Tarong,Black Coal,Scheduled,QLD
TARONG#4,44.6380797912173,0.365563260399334,Gen,Tarong,Black Coal,Scheduled,QLD
TNPS1,44.6380797912173,0.365563260399334,Gen,Tarong North,Black Coal,Scheduled,QLD
W/HOE#1,0.00278940043955756,1.00000687229756,Gen,Wivenhoe,Pumped Hydro (Release),Scheduled,QLD
W/HOE#2,0.00278940043955756,1.00000687229756,Gen,Wivenhoe,Pumped Hydro (Release),Scheduled,QLD
WHITSF1,16.3885767334884,0.129793877180315,Gen,Whitsunday Solar Farm,Solar,Semi-scheduled,QLD
YABULU,16.4017738086499,0.129278882270526,Gen,Yabulu,Gas,Scheduled,QLD
YABULU2,16.4017484537195,0.129277842284277,Gen,Yabulu,Gas,Scheduled,QLD
YARANSF1,-5.37468482562952e-12,1.00000000000007,Gen,Yarranlea Solar Farm,Solar,Semi-scheduled,QLD
YARWUN_1,-5.37468482562952e-12,1.00000000000007,Gen,Yarwun,Gas,Scheduled,QLD
AGLHAL,-9.81918222038142,0.988845717964325,Gen,Hallett,Gas,Scheduled,SA
ANGAST1,0.590479672894611,1.0006390168719,Gen,Angaston,Liquid Fuel,Scheduled,SA
BARKIPS1,3.17431803167138e-11,0.999999999999679,Gen,Barker Inlet Power Station,Gas,Scheduled,SA
BLUFF1,-88.2548800540282,1.01675569010781,Gen,The Bluff Wind Farm,Wind,Semi-scheduled,SA
BNGSF1,-27.4036964951478,1.0056390206102,Gen,Bungala One Solar Farm,Solar,Semi-scheduled,SA
BNGSF2,-27.1307051645679,1.00577062860091,Gen,Bungala Two Solar Farm,Solar,Semi-scheduled,SA
CLEMGPWF,-78.1400243611066,1.01515907205654,Gen,Clements Gap Wind Farm,Wind,Semi-scheduled,SA
DALNTH01,-7.47336036680921,1.00134660490623,Gen,Dalrymple North BESS,Battery (Discharge),Scheduled,SA
DALNTHL1,9.73405134813448,0.998117389274868,Load,Dalrymple North BESS,Battery (Charge),Scheduled,SA
DRYCGT1,3.17431803167138e-11,0.999999999999679,Gen,Dry Creek,Gas,Scheduled,SA
DRYCGT2,3.17431803167138e-11,0.999999999999679,Gen,Dry Creek,Gas,Scheduled,SA
DRYCGT3,3.17431803167138e-11,0.999999999999679,Gen,Dry Creek,Gas,Scheduled,SA
HALLWF1,-91.0241529614777,1.00358183089931,Gen,Hallett Wind Farm,Wind,Semi-scheduled,SA
HALLWF2,-96.52257018593,1.01643533681655,Gen,Hallett Wind Farm,Wind,Semi-scheduled,SA
HDWF1,-83.8294576553494,1.00331294856368,Gen,Hornsdale Wind Farm,Wind,Semi-scheduled,SA
HDWF2,-83.819170336662,1.00331120293728,Gen,Hornsdale Wind Farm,Wind,Semi-scheduled,SA
HDWF3,-83.819170336662,1.00331120293728,Gen,Hornsdale Wind Farm,Wind,Semi-scheduled,SA
HPRG1,-4.76896296296457,0.922635186200053,Gen,Hornsdale Power Reserve,Battery (Discharge),Scheduled,SA
HPRL1,11.1168083908922,1.00091183182373,Load,Hornsdale Power Reserve,Battery (Charge),Scheduled,SA
LADBROK1,-11.210646051456,0.925795422824407,Gen,Ladbroke Grove,Gas,Scheduled,SA
LADBROK2,-12.4729887296966,0.923493507382185,Gen,Ladbroke Grove,Gas,Scheduled,SA
LBBG1,7.87303873369482,0.900248823019769,Gen,Lake Bonney BESS1,Battery (Discharge),Scheduled,SA
LBBL1,0.455243629731473,1.00146312755971,Load,Lake Bonney BESS1,Battery (Charge),Scheduled,SA
LGAPWF1,-77.6908451433229,1.01495601162211,Gen,Lincoln Gap Wind Farm,Wind,Semi-scheduled,SA
LKBONNY2,-86.5741886676372,0.908299988697154,Gen,Lake Bonney Stage 2,Wind,Semi-scheduled,SA
LKBONNY3,-86.7151442308231,0.90830886450628,Gen,Lake Bonney Stage 3,Wind,Semi-scheduled,SA
LONSDALE,3.17431803167138e-11,0.999999999999679,Gen,Lonsdale,Liquid Fuel,Scheduled,SA
MINTARO,-2.49710391062949,1.00071053225379,Gen,Mintaro,Gas,Scheduled,SA
NBHWF1,-88.5283725324371,1.01690237086639,Gen,North Brown Hill Wind Farm,Wind,Semi-scheduled,SA
NPS1,3.17431803167138e-11,0.999999999999679,Gen,Northern,Brown Coal,Scheduled,SA
NPS2,3.17431803167138e-11,0.999999999999679,Gen,Northern,Brown Coal,Scheduled,SA
OSB-AG,2.30342654613663,1.00099440114587,Gen,Osborne,Gas,Scheduled,SA
PLAYB-AG,3.17431803167138e-11,0.999999999999679,Gen,Playford,Brown Coal,Scheduled,SA
POR01,9.49118438763588,0.954621796106406,Gen,Port Lincoln,Liquid Fuel,Scheduled,SA
POR03,-4.25346825922527,0.956179864016929,Gen,Port Lincoln,Liquid Fuel,Scheduled,SA
PPCCGT,-0.611136675039955,0.999924023354416,Gen,Pelican Point,Gas,Scheduled,SA
PTSTAN1,3.17431803167138e-11,0.999999999999679,Gen,Pt Stanvac,Liquid Fuel,Scheduled,SA
QPS1,-1.24939028659687,0.999190783897951,Gen,Quarantine,Gas,Scheduled,SA
QPS2,-1.24939028659687,0.999190783897951,Gen,Quarantine,Gas,Scheduled,SA
QPS3,-1.24939028659687,0.999190783897951,Gen,Quarantine,Gas,Scheduled,SA
QPS4,-1.24939028659687,0.999190783897951,Gen,Quarantine,Gas,Scheduled,SA
QPS5,-1.24939028659687,0.999190783897951,Gen,Quarantine,Gas,Scheduled,SA
SNOWNTH1,-76.822031610163,1.01480388879928,Gen,Snowtown North Wind Farm,Wind,Semi-scheduled,SA
SNOWSTH1,-76.822031610163,1.01480388879928,Gen,Snowtown South Wind Farm,Wind,Semi-scheduled,SA
SNOWTWN1,-81.7672101914752,1.01565604657203,Gen,Snowtown Wind Farm,Wind,Semi-scheduled,SA
SNUG1,-7.01489323435689,0.853878077743813,Gen,Snuggery,Liquid Fuel,Scheduled,SA
TBSF1,-58.431080201126,0.990794175637451,Gen,Tailem Bend Solar Project 1,Solar,Semi-scheduled,SA
TORRA1,3.17431803167138e-11,0.999999999999679,Gen,Torrens Island,Gas,Scheduled,SA
TORRA2,3.17431803167138e-11,0.999999999999679,Gen,Torrens Island,Gas,Scheduled,SA
TORRA3,3.17431803167138e-11,0.999999999999679,Gen,Torrens Island,Gas,Scheduled,SA
TORRA4,3.17431803167138e-11,0.999999999999679,Gen,Torrens Island,Gas,Scheduled,SA
TORRB1,3.17431803167138e-11,0.999999999999679,Gen,Torrens Island,Gas,Scheduled,SA
TORRB2,-0.0506134780823521,1.00001596959709,Gen,Torrens Island,Gas,Scheduled,SA
TORRB3,3.17431803167138e-11,0.999999999999679,Gen,Torrens Island,Gas,Scheduled,SA
TORRB4,3.17431803167138e-11,0.999999999999679,Gen,Torrens Island,Gas,Scheduled,SA
WATERLWF,-83.7507282849833,1.01581016148606,Gen,Waterloo Wind Farm,Wind,Semi-scheduled,SA
WGWF1,-88.3235616589361,1.01698990418816,Gen,Willogoleche Wind Farm,Wind,Semi-scheduled,SA
BASTYAN,12.6460288963951,0.847040584946781,Gen,Bastyan,Hydro,Scheduled,TAS
BBTHREE1,0.0384947068565924,0.999970824255866,Gen,Tamar Valley Peaking,Gas,Scheduled,TAS
BBTHREE2,0.0384947068565924,0.999970824255866,Gen,Tamar Valley Peaking,Gas,Scheduled,TAS
BBTHREE3,0.0384947068565924,0.999970824255866,Gen,Tamar Valley Peaking,Gas,Scheduled,TAS
CETHANA,13.1557823789348,0.851267473314011,Gen,Cethana,Hydro,Scheduled,TAS
CTHLWF1,2.91736545858805e-13,0.999999999999997,Gen,Cattle Hill Wind Farm,Wind,Semi-scheduled,TAS
DEVILS_G,17.6517719742713,0.861586584180419,Gen,Devils Gate,Hydro,Scheduled,TAS
FISHER,13.1557823789348,0.851267473314011,Gen,Fisher,Hydro,Scheduled,TAS
GORDON,24.4636429963543,0.738533345503964,Gen,Gordon,Hydro,Scheduled,TAS
GRANWF1,-0.0428819845788183,0.999983601351475,Gen,Granville Harbour Wind Farm,Wind,Semi-scheduled,TAS
JBUTTERS,12.5821323124366,0.847046138086017,Gen,John Butters,Hydro,Scheduled,TAS
LEM_WIL,13.1557823789348,0.851267473314011,Gen,Lemonthyme,Hydro,Scheduled,TAS
LI_WY_CA,21.9966299981949,0.765401611418247,Gen,Liapootah Wayatinah Catagunya Aggregate,Hydro,Scheduled,TAS
LK_ECHO,25.2092816270315,0.707591013380541,Gen,Lake Echo,Hydro,Scheduled,TAS
MACKNTSH,12.3758245368482,0.845195513266787,Gen,Mackintosh,Hydro,Scheduled,TAS
MEADOWBK,25.6300781220758,0.710908524379919,Gen,Meadowbank,Hydro,Scheduled,TAS
MUSSELR1,-17.7121486791377,0.77031243760899,Gen,Musselroe Wind Farm,Wind,Semi-scheduled,TAS
POAT110,13.4696244184215,0.854594677222912,Gen,Poatina,Hydro,Scheduled,TAS
POAT220,12.9780147349175,0.858165406121949,Gen,Poatina,Hydro,Scheduled,TAS
REECE1,12.3679231108798,0.844944775000073,Gen,Reece,Hydro,Scheduled,TAS
REECE2,12.723579015361,0.847382809558804,Gen,Reece,Hydro,Scheduled,TAS
TARRALEA,25.315447522725,0.708347217306665,Gen,Tarraleah,Hydro,Scheduled,TAS
TREVALLN,12.9925177856407,0.858372548326593,Gen,Trevallyn,Hydro,Scheduled,TAS
TRIBUTE,12.5477124562051,0.845488948073492,Gen,Tribute,Hydro,Scheduled,TAS
TUNGATIN,25.315447522725,0.708347217306665,Gen,Tungatinah,Hydro,Scheduled,TAS
TVCC201,-2.04677712078715,0.998540399194354,Gen,Tamar Valley,Gas,Scheduled,TAS
TVPP104,0.0384947068565924,0.999970824255866,Gen,Tamar Valley Peaking,Gas,Scheduled,TAS
AGLSOM,0.926168210671996,0.999435884533291,Gen,Somerton,Gas,Scheduled,VIC
APS,1.36891763826055e-11,0.999999999999875,Gen,Anglesea,Brown Coal,Scheduled,VIC
ARWF1,26.2691826696971,0.740395407678346,Gen,Ararat Wind Farm,Wind,Semi-scheduled,VIC
BALBG1,25.0400220161658,0.740571768580313,Gen,Ballarat Battery Energy Storage System,Battery (Discharge),Scheduled,VIC
BALBL1,2.72919234493804,0.998997731306502,Load,Ballarat Battery Energy Storage System,Battery (Charge),Scheduled,VIC
BALDHWF1,0.334397291480919,0.999800345712217,Gen,Bald Hills Wind Farm,Wind,Semi-scheduled,VIC
BANN1,-2.82738308443757,0.731489775327672,Gen,Bannerton Solar Park,Solar,Semi-scheduled,VIC
BDL01,-0.14265562645137,1.00008419503679,Gen,Bairnsdale,Gas,Scheduled,VIC
BDL02,-0.14265562645137,1.00008419503679,Gen,Bairnsdale,Gas,Scheduled,VIC
CROWLWF1,18.6494343484992,0.741072618435592,Gen,Crowlands Wind Farm,Wind,Semi-scheduled,VIC
DARTM1,63.3864965960113,0.287291397632514,Gen,Dartmouth,Hydro,Scheduled,VIC
EILDON1,28.2847716308974,0.692346254779011,Gen,Eildon,Hydro,Scheduled,VIC
EILDON2,28.2847716308974,0.692346254779011,Gen,Eildon,Hydro,Scheduled,VIC
GANNBG1,54.1610193579403,0.461741573744702,Gen,Gannawarra Energy Storage System,Battery (Discharge),Scheduled,VIC
GANNBL1,3.4554905597718,0.989801909431128,Load,Gannawarra Energy Storage System,Battery (Charge),Scheduled,VIC
GANNSF1,40.9762408821316,0.463692401544248,Gen,Gannawarra Solar Farm,Solar,Semi-scheduled,VIC
HUMEV,37.6083406135397,0.760966797730085,Gen,Hume,Hydro,Scheduled,VIC
HWPS1,1.36891763826055e-11,0.999999999999875,Gen,Hazelwood,Brown Coal,Scheduled,VIC
HWPS2,1.36891763826055e-11,0.999999999999875,Gen,Hazelwood,Brown Coal,Scheduled,VIC
HWPS3,1.36891763826055e-11,0.999999999999875,Gen,Hazelwood,Brown Coal,Scheduled,VIC
HWPS4,1.36891763826055e-11,0.999999999999875,Gen,Hazelwood,Brown Coal,Scheduled,VIC
HWPS5,1.36891763826055e-11,0.999999999999875,Gen,Hazelwood,Brown Coal,Scheduled,VIC
HWPS6,1.36891763826055e-11,0.999999999999875,Gen,Hazelwood,Brown Coal,Scheduled,VIC
HWPS7,1.36891763826055e-11,0.999999999999875,Gen,Hazelwood,Brown Coal,Scheduled,VIC
HWPS8,1.36891763826055e-11,0.999999999999875,Gen,Hazelwood,Brown Coal,Scheduled,VIC
JLA01,-0.14265562645137,1.00008419503679,Gen,Jeeralang A,Gas,Scheduled,VIC
JLA02,-0.14265562645137,1.00008419503679,Gen,Jeeralang A,Gas,Scheduled,VIC
JLA03,-0.14265562645137,1.00008419503679,Gen,Jeeralang A,Gas,Scheduled,VIC
JLA04,-0.14265562645137,1.00008419503679,Gen,Jeeralang A,Gas,Scheduled,VIC
JLB01,-0.14265562645137,1.00008419503679,Gen,Jeeralang B,Gas,Scheduled,VIC
JLB02,-0.14265562645137,1.00008419503679,Gen,Jeeralang B,Gas,Scheduled,VIC
JLB03,-0.14265562645137,1.00008419503679,Gen,Jeeralang B,Gas,Scheduled,VIC
KARSF1,22.7233272924706,0.699887232353486,Gen,Karadoc Solar Farm,Solar,Semi-scheduled,VIC
KIATAWF1,19.8075944671633,0.736291563542823,Gen,Kiata Wind Farm,Wind,Semi-scheduled,VIC
LAVNORTH,1.36891763826055e-11,0.999999999999875,Gen,Laverton,Gas,Scheduled,VIC
LNGS1,0.779845775746346,0.999523129015553,Gen,Laverton,Gas,Scheduled,VIC
LNGS2,0.779845775746346,0.999523129015553,Gen,Laverton,Gas,Scheduled,VIC
LOYYB1,-0.14265562645137,1.00008419503679,Gen,Loy Yang B,Brown Coal,Scheduled,VIC
LOYYB2,-0.14265562645137,1.00008419503679,Gen,Loy Yang B,Brown Coal,Scheduled,VIC
LYA1,-0.14265562645137,1.00008419503679,Gen,Loy Yang A,Brown Coal,Scheduled,VIC
LYA2,-0.14265562645137,1.00008419503679,Gen,Loy Yang A,Brown Coal,Scheduled,VIC
LYA3,-0.14265562645137,1.00008419503679,Gen,Loy Yang A,Brown Coal,Scheduled,VIC
LYA4,-0.14265562645137,1.00008419503679,Gen,Loy Yang A,Brown Coal,Scheduled,VIC
MACARTH1,-7.59109207131802,0.999305031140459,Gen,Macarthur Wind Farm,Wind,Semi-scheduled,VIC
MCKAY1,44.0939809821707,0.518342373082998,Gen,McKay,Hydro,Scheduled,VIC
MERCER01,6.93413939775119,0.741326526314245,Gen,Mt Mercer Wind Farm,Wind,Semi-scheduled,VIC
MOR1,1.36891763826055e-11,0.999999999999875,Gen,Energy Brix,Brown Coal,Scheduled,VIC
MOR2,1.36891763826055e-11,0.999999999999875,Gen,Energy Brix,Brown Coal,Scheduled,VIC
MOR3,1.36891763826055e-11,0.999999999999875,Gen,Energy Brix,Brown Coal,Scheduled,VIC
MORTLK11,-3.21703783608332,0.997632066152044,Gen,Mortlake,Gas,Scheduled,VIC
MORTLK12,-3.21703783608332,0.997632066152044,Gen,Mortlake,Gas,Scheduled,VIC
MTGELWF1,0.224479338324313,1.00009986404071,Gen,Mt Gellibrand Wind Farm,Wind,Semi-scheduled,VIC
MURRAY,72.158829917826,0.191479833293834,Gen,Murray,Hydro,Scheduled,VIC
MUWAWF1,-15.0352156708222,0.971399116327706,Gen,Murra Warra Wind Farm,Wind,Semi-scheduled,VIC
NPS,0.832468102198714,0.999491929366645,Gen,Newport,Gas,Scheduled,VIC
NUMURSF1,1.57010128067723,0.988467138480145,Gen,Numurkah Solar Farm,Solar,Semi-scheduled,VIC
OAKLAND1,14.047634133112,0.697531426697366,Gen,Oaklands Hill Wind Farm,Wind,Semi-scheduled,VIC
SALTCRK1,24.3361141491533,0.741500384455174,Gen,Salt Creek Wind Farm,Wind,Semi-scheduled,VIC
VPGS,1.36891763826055e-11,0.999999999999875,Gen,Valley Power,Gas,Scheduled,VIC
VPGS1,-0.14265562645137,1.00008419503679,Gen,Valley Power,Gas,Scheduled,VIC
VPGS2,-0.14265562645137,1.00008419503679,Gen,Valley Power,Gas,Scheduled,VIC
VPGS3,-0.14265562645137,1.00008419503679,Gen,Valley Power,Gas,Scheduled,VIC
VPGS4,-0.14265562645137,1.00008419503679,Gen,Valley Power,Gas,Scheduled,VIC
VPGS5,-0.14265562645137,1.00008419503679,Gen,Valley Power,Gas,Scheduled,VIC
VPGS6,-0.14265562645137,1.00008419503679,Gen,Valley Power,Gas,Scheduled,VIC
WEMENSF1,13.7061710682744,0.728685033142955,Gen,Wemen Solar Farm,Solar,Semi-scheduled,VIC
WKIEWA1,67.391955372659,0.236446172869272,Gen,West Kiewa,Hydro,Scheduled,VIC
WKIEWA2,67.391955372659,0.236446172869272,Gen,West Kiewa,Hydro,Scheduled,VIC
YENDWF1,2.61165089219613,0.970911743533505,Gen,Yendon Wind Farm,Wind,Semi-scheduled,VIC
YWPS1,-0.0475929989920569,1.00000390681961,Gen,Yallourn W,Brown Coal,Scheduled,VIC
YWPS2,0.26584094289059,0.999838130698832,Gen,Yallourn W,Brown Coal,Scheduled,VIC
YWPS3,0.26584094289059,0.999838130698832,Gen,Yallourn W,Brown Coal,Scheduled,VIC
YWPS4,0.26584094289059,0.999838130698832,Gen,Yallourn W,Brown Coal,Scheduled,VIC
