duid,alpha_mc,beta_mc,type,station,fuel_type,schedule_type,region
BERYLSF1,0.00753664459842024,0.999938914289663,Gen,Beryl Solar Farm,Solar,Semi-scheduled,NSW
BLOWERNG,6.25841550631818,0.971895962617188,Gen,Blowering,Hydro,Scheduled,NSW
BOCORWF1,2.22811843919986,1.00580762048702,Gen,Boco Rock Wind Farm,Wind,Semi-scheduled,NSW
BODWF1,0.0411510465958074,0.998987601386055,Gen,Bodangora Wind Farm,Wind,Semi-scheduled,NSW
BROKENH1,28.3060049300656,0.982983735072575,Gen,Broken Hill Solar Plant,Solar,Semi-scheduled,NSW
BW01,0.272248035262318,0.997476438074288,Gen,Bayswater,Black Coal,Scheduled,NSW
BW02,0.272248035262318,0.997476438074288,Gen,Bayswater,Black Coal,Scheduled,NSW
BW03,0.266947833211242,0.997658526954081,Gen,Bayswater,Black Coal,Scheduled,NSW
BW04,0.266947833211242,0.997658526954081,Gen,Bayswater,Black Coal,Scheduled,NSW
CG1,40.3538243845012,0.932647471616195,Gen,Colongra,Gas,Scheduled,NSW
CG2,40.3538243845012,0.932647471616195,Gen,Colongra,Gas,Scheduled,NSW
CG3,40.3538243845012,0.932647471616195,Gen,Colongra,Gas,Scheduled,NSW
CG4,40.3538243845012,0.932647471616195,Gen,Colongra,Gas,Scheduled,NSW
COLEASF1,4.41045661923748,0.990410833426461,Gen,Coleambally Solar Farm,Solar,Semi-scheduled,NSW
CROOKWF2,2.2638272102324,1.00534982137178,Gen,Crookwell 2 Wind Farm,Wind,Semi-scheduled,NSW
ER01,1.9422600387312,0.990816089728856,Gen,Eraring,Black Coal,Scheduled,NSW
ER02,1.9422600387312,0.990816089728856,Gen,Eraring,Black Coal,Scheduled,NSW
ER03,1.93949808431448,0.99099847165285,Gen,Eraring,Black Coal,Scheduled,NSW
ER04,1.93949808431448,0.99099847165285,Gen,Eraring,Black Coal,Scheduled,NSW
FINLYSF1,-3.38459277570096,1.00470155152854,Gen,Finely Solar Farm,Solar,Semi-scheduled,NSW
GULLRSF1,2.24705279304351,1.0054340191782,Gen,Gullen Solar Farm,Solar,Semi-scheduled,NSW
GULLRWF1,2.2149783320317,1.00531779931757,Gen,Gullen Range Wind Farm,Wind,Semi-scheduled,NSW
GUNNING1,3.32725201338495,0.990197599595168,Gen,Gunning Wind Farm,Wind,Semi-scheduled,NSW
GUTHEGA,-4.90836175570989,1.00308059773509,Gen,Guthega,Hydro,Scheduled,NSW
HUMENSW,26.1566283719049,0.987281433807375,Gen,Hume Hydro,Hydro,Scheduled,NSW
HVGTS,54.797561199359,0.914691179682626,Gen,Hunter Valley GT,Gas,Scheduled,NSW
LD01,0.297122204118704,0.997311794619105,Gen,Liddell,Black Coal,Scheduled,NSW
LD02,0.297122204118704,0.997311794619105,Gen,Liddell,Black Coal,Scheduled,NSW
LD03,0.297122204118704,0.997311794619105,Gen,Liddell,Black Coal,Scheduled,NSW
LD04,0.297122204118704,0.997311794619105,Gen,Liddell,Black Coal,Scheduled,NSW
LIMOSF21,0.00646616917090488,0.999950642778413,Gen,Limondale Solar Farm 2,Solar,Semi-scheduled,NSW
MANSLR1,0.0306142437450661,0.999151135252827,Gen,Manildra Solar Farm,Solar,Semi-scheduled,NSW
MOREESF1,-0.0922784528642647,0.99093145411875,Gen,Moree Solar Farm,Solar,Semi-scheduled,NSW
MP1,1.59982035017754,0.992887550491579,Gen,Mt Piper,Black Coal,Scheduled,NSW
MP2,1.59982035017754,0.992887550491579,Gen,Mt Piper,Black Coal,Scheduled,NSW
NEVERSF1,0.00876811865599462,0.999944226162913,Gen,NEVERTIRE SOLAR FARM,Solar,Semi-scheduled,NSW
NYNGAN1,0.0321883794426986,0.999110979773256,Gen,Nyngan Solar Plant,Solar,Semi-scheduled,NSW
PARSF1,0.0298083395331244,0.999169047999313,Gen,Parkes Solar Farm,Solar,Semi-scheduled,NSW
SAPHWF1,50.5056876639897,0.348670090953963,Gen,Sapphire Wind Farm,Wind,Semi-scheduled,NSW
SHGEN,0.0653181795024663,0.999289997407037,Gen,Shoalhaven,Pumped Hydro (Release),Scheduled,NSW
SHPUMP,0.0653181795024663,0.999289997407037,Load,Shoalhaven,Pumped Hydro (Pumping),Scheduled,NSW
SITHE01,17.9746428669179,0.957118430565036,Gen,Smithfield Energy Facility,Gas,Scheduled,NSW
SNOWYP,11.3023395008054,0.975095401131432,Load,Tumut 3,Pumped Hydro (Pumping),Scheduled,NSW
STWF1,28.2554381891704,0.966002282169051,Gen,Silverton Wind Farm,Wind,Semi-scheduled,NSW
TALWA1,8.69729943394135,0.974568885636202,Gen,Tallawarra,Gas,Scheduled,NSW
TARALGA1,2.24961213389212,1.00503220017135,Gen,Taralga Wind Farm,Wind,Semi-scheduled,NSW
TUMUT3,11.2419206913486,0.975160569500279,Gen,Tumut 3,Pumped Hydro (Release),Scheduled,NSW
UPPTUMUT,11.4944031697195,1.03426324450021,Gen,Upper Tumut,Hydro,Scheduled,NSW
URANQ11,54.2129831113601,0.945082932892201,Gen,Uranquinty,Gas,Scheduled,NSW
URANQ12,54.2129831113601,0.945082932892201,Gen,Uranquinty,Gas,Scheduled,NSW
URANQ13,54.2129831113601,0.945082932892201,Gen,Uranquinty,Gas,Scheduled,NSW
URANQ14,54.2129831113601,0.945082932892201,Gen,Uranquinty,Gas,Scheduled,NSW
VP5,1.27833277852858,0.992986774115801,Gen,Vales Point B,Black Coal,Scheduled,NSW
VP6,1.27833277852858,0.992986774115801,Gen,Vales Point B,Black Coal,Scheduled,NSW
WOODLWN1,2.23232513374891,1.00568717612314,Gen,Woodlawn Wind Farm,Wind,Semi-scheduled,NSW
WRSF1,-0.14077581162617,0.992104277382411,Gen,White Rock Solar Farm,Solar,Semi-scheduled,NSW
WRWF1,-0.113714670554816,0.992026309546755,Gen,White Rock Wind Farm,Wind,Semi-scheduled,NSW
BARCALDN,79.5615138705059,0.122398340100057,Gen,Barcaldine,Gas,Scheduled,QLD
BARRON-1,53.7005186135483,0.180224228199294,Gen,Barron Gorge,Hydro,Scheduled,QLD
BARRON-2,53.7011321667638,0.180224226602025,Gen,Barron Gorge,Hydro,Scheduled,QLD
BRAEMAR1,98.0266485721131,0.178505846826741,Gen,Braemar 1,Gas,Scheduled,QLD
BRAEMAR2,98.0266485721131,0.178505846826741,Gen,Braemar 1,Gas,Scheduled,QLD
BRAEMAR3,98.0266485721131,0.178505846826741,Gen,Braemar 1,Gas,Scheduled,QLD
BRAEMAR5,98.0266485721131,0.178505846826741,Gen,Braemar 2,Gas,Scheduled,QLD
BRAEMAR6,98.0266485721131,0.178505846826741,Gen,Braemar 2,Gas,Scheduled,QLD
BRAEMAR7,98.0266485721131,0.178505846826741,Gen,Braemar 2,Gas,Scheduled,QLD
CALL_A_2,13.5919091932824,0.852320505489073,Gen,Callide,Black Coal,Scheduled,QLD
CALL_B_1,55.8474445299212,0.181138570770464,Gen,Callide,Black Coal,Scheduled,QLD
CALL_B_2,55.8474445299212,0.181138570770464,Gen,Callide,Black Coal,Scheduled,QLD
CHILDSF1,55.2536123464867,0.215621768112573,Gen,Childers Solar Farm,Solar,Semi-scheduled,QLD
CLARESF1,53.0516249995127,0.183909671404161,Gen,Clare Solar Farm,Solar,Semi-scheduled,QLD
CLERMSF1,49.3630757695887,0.258596789777178,Gen,Clermont Solar Farm,Solar,Semi-scheduled,QLD
COOPGWF1,52.128775020043,0.280643974378285,Gen,Coopers Gap Wind Farm,Wind,Semi-scheduled,QLD
CPP_3,55.8085010110873,0.181272359697346,Gen,Callide,Black Coal,Scheduled,QLD
CPP_4,55.8085010110873,0.181272359697346,Gen,Callide,Black Coal,Scheduled,QLD
CPSA,64.3857419234079,0.227309570573092,Gen,Condamine,Gas,Scheduled,QLD
CSPVPS1,52.7094818155072,0.182810457157028,Gen,Collinsville Solar PV,Solar,Semi-scheduled,QLD
DAYDSF1,52.9994138022486,0.182256981359269,Gen,Daydream Solar Farm,Solar,Semi-scheduled,QLD
DDPS1,66.0361146676632,0.223237281411784,Gen,Darling Downs,Gas,Scheduled,QLD
DDSF1,51.9088991130058,0.282603582656222,Gen,Darling Downs Solar Farm,Solar,Semi-scheduled,QLD
EMERASF1,52.8540985682543,0.182887493348368,Gen,Emerald Solar Park,Solar,Semi-scheduled,QLD
GSTONE1,57.0970900836462,0.165221936839982,Gen,Gladstone,Black Coal,Scheduled,QLD
GSTONE2,57.0970900836462,0.165221936839982,Gen,Gladstone,Black Coal,Scheduled,QLD
GSTONE3,57.0492947547681,0.154942769933015,Gen,Gladstone,Black Coal,Scheduled,QLD
GSTONE4,57.0492947547681,0.154942769933015,Gen,Gladstone,Black Coal,Scheduled,QLD
GSTONE5,57.0970900836462,0.165221936839982,Gen,Gladstone,Black Coal,Scheduled,QLD
GSTONE6,57.0970827605117,0.165144182971782,Gen,Gladstone,Black Coal,Scheduled,QLD
HAMISF1,52.9789029818622,0.182264431695068,Gen,Hamilton Solar Farm,Solar,Semi-scheduled,QLD
HAUGHT11,52.8147183381979,0.187794986267653,Gen,Haughton Solar Farm Stage 1 Units 1-81,Solar,Semi-scheduled,QLD
HAYMSF1,53.000093386357,0.182259571285776,Gen,Hayman Solar Farm,Solar,Semi-scheduled,QLD
KAREEYA1,53.7011321667638,0.180224226602025,Gen,Kareeya,Hydro,Scheduled,QLD
KAREEYA2,53.7011321667638,0.180224226602025,Gen,Kareeya,Hydro,Scheduled,QLD
KAREEYA3,53.7011321667638,0.180224226602025,Gen,Kareeya,Hydro,Scheduled,QLD
KAREEYA4,53.7011321667638,0.180224226602025,Gen,Kareeya,Hydro,Scheduled,QLD
KPP_1,53.1842721961845,0.26971633818434,Gen,Kogan Creek,Black Coal,Scheduled,QLD
KSP1,53.0847575028687,0.183835436465721,Gen,Kidston Solar Stage 1,Solar,Semi-scheduled,QLD
LILYSF1,52.374791532531,0.18082239193815,Gen,Lilyvale Solar Farm,Solar,Semi-scheduled,QLD
MACKAYGT,493.005792644247,0.00637228694205474,Gen,Mackay,Liquid Fuel,Scheduled,QLD
MEWF1,52.2979099205327,0.181560763956575,Gen,Mount Emerald Wind Farm,Wind,Semi-scheduled,QLD
MPP_1,52.2897239255065,0.286226827628783,Gen,Millmerran,Black Coal,Scheduled,QLD
MPP_2,52.2897239255065,0.286226827628783,Gen,Millmerran,Black Coal,Scheduled,QLD
MSTUART1,460.775796691037,0.0070565759193569,Gen,Mt Stuart,Liquid Fuel,Scheduled,QLD
MSTUART2,460.775796691037,0.0070565759193569,Gen,Mt Stuart,Liquid Fuel,Scheduled,QLD
MSTUART3,460.775796691037,0.0070565759193569,Gen,Mt Stuart,Liquid Fuel,Scheduled,QLD
OAKEY1,48.9309873927171,0.772602276634729,Gen,Oakey,Gas,Scheduled,QLD
OAKEY1SF,10.1200352496944,0.876423571769871,Gen,Oakey 1 Solar Farm,Solar,Semi-scheduled,QLD
OAKEY2,48.9309873927171,0.772602276634729,Gen,Oakey,Gas,Scheduled,QLD
OAKEY2SF,9.8779127307245,0.873172189915296,Gen,Oakey 2 Solar Farm,Solar,Semi-scheduled,QLD
PUMP1,10.5588654956621,0.872982647252396,Load,Wivenhoe,Pumped Hydro (Pumping),Scheduled,QLD
PUMP2,10.5588654956621,0.872982647252396,Load,Wivenhoe,Pumped Hydro (Pumping),Scheduled,QLD
ROMA_7,98.0315094293398,0.178425398416186,Gen,Roma,Gas,Scheduled,QLD
ROMA_8,98.0315094293398,0.178425398416186,Gen,Roma,Gas,Scheduled,QLD
RRSF1,52.9327629747996,0.182332797106016,Gen,Ross River Solar Farm,Solar,Semi-scheduled,QLD
RUGBYR1,53.1921898648816,0.185944259020455,Gen,Rugby Run Solar Farm,Solar,Semi-scheduled,QLD
SMCSF1,52.5492720711619,0.184058438864464,Gen,Sun Metals Solar Farm,Solar,Semi-scheduled,QLD
SRSF1,55.2330731378971,0.215248852544555,Gen,Susan River Solar Farm,Solar,Semi-scheduled,QLD
STAN-1,56.6502933745787,0.172959440024648,Gen,Stanwell,Black Coal,Scheduled,QLD
STAN-2,56.6502933745787,0.172959440024648,Gen,Stanwell,Black Coal,Scheduled,QLD
STAN-3,56.6502933745787,0.172959440024648,Gen,Stanwell,Black Coal,Scheduled,QLD
STAN-4,56.6502933745787,0.172959440024648,Gen,Stanwell,Black Coal,Scheduled,QLD
SWAN_B_1,13.6090159730834,0.852175441464953,Gen,Swanbank,Black Coal,Scheduled,QLD
SWAN_B_2,13.6090159730834,0.852175441464953,Gen,Swanbank,Black Coal,Scheduled,QLD
SWAN_B_3,13.6090159730834,0.852175441464953,Gen,Swanbank,Black Coal,Scheduled,QLD
SWAN_B_4,13.6090159730834,0.852175441464953,Gen,Swanbank,Black Coal,Scheduled,QLD
SWAN_E,23.488402699743,0.815723460697129,Gen,Swanbank,Gas,Scheduled,QLD
TARONG#1,54.1184312776368,0.267644193862893,Gen,Tarong,Black Coal,Scheduled,QLD
TARONG#2,54.1184312776368,0.267644193862893,Gen,Tarong,Black Coal,Scheduled,QLD
TARONG#3,54.1184312776368,0.267644193862893,Gen,Tarong,Black Coal,Scheduled,QLD
TARONG#4,54.1184312776368,0.267644193862893,Gen,Tarong,Black Coal,Scheduled,QLD
TNPS1,53.904869235453,0.268988980008369,Gen,Tarong North,Black Coal,Scheduled,QLD
W/HOE#1,10.561654896109,0.872989519549854,Gen,Wivenhoe,Pumped Hydro (Release),Scheduled,QLD
W/HOE#2,10.561654896109,0.872989519549854,Gen,Wivenhoe,Pumped Hydro (Release),Scheduled,QLD
WHITSF1,52.9782197594327,0.18226221332949,Gen,Whitsunday Solar Farm,Solar,Semi-scheduled,QLD
YABULU,69.6943835164175,0.138493762883863,Gen,Yabulu,Gas,Scheduled,QLD
YABULU2,69.6943883217031,0.138493551414066,Gen,Yabulu,Gas,Scheduled,QLD
YARWUN_1,42.3762825444959,0.780649934313055,Gen,Yarwun,Gas,Scheduled,QLD
AGLHAL,78.4121815461849,0.949852970196875,Gen,Hallett,Gas,Scheduled,SA
ANGAST1,454.101492799228,0.928715882920855,Gen,Angaston,Liquid Fuel,Scheduled,SA
BARKIPS1,48.2370320035416,0.966165405378128,Gen,Barker Inlet Power Station,Gas,Scheduled,SA
BLUFF1,2.94626107714495,0.977406971891596,Gen,The Bluff Wind Farm,Wind,Semi-scheduled,SA
BNGSF1,5.88510553592233,0.977205144762788,Gen,Bungala One Solar Farm,Solar,Semi-scheduled,SA
BNGSF2,5.92575611058499,0.977227252396291,Gen,Bungala Two Solar Farm,Solar,Semi-scheduled,SA
CLEMGPWF,3.68009180048007,0.977366008543317,Gen,Clements Gap Wind Farm,Wind,Semi-scheduled,SA
DALNTH01,8.58759040423925,0.97690096002905,Gen,Dalrymple North BESS,Battery (Discharge),Scheduled,SA
DALNTHL1,8.6339399590862,0.976903482948177,Load,Dalrymple North BESS,Battery (Charge),Scheduled,SA
DRYCGT1,67.1533602735117,0.963825004985907,Gen,Dry Creek,Gas,Scheduled,SA
DRYCGT2,67.1533602735117,0.963825004985907,Gen,Dry Creek,Gas,Scheduled,SA
DRYCGT3,67.1533602735117,0.963825004985907,Gen,Dry Creek,Gas,Scheduled,SA
HALLWF1,3.72441855967135,0.964521289024724,Gen,Hallett Wind Farm,Wind,Semi-scheduled,SA
HALLWF2,2.3028282057499,0.9772254724966,Gen,Hallett Wind Farm,Wind,Semi-scheduled,SA
HDWF1,4.20163164748682,0.964511619986679,Gen,Hornsdale Wind Farm,Wind,Semi-scheduled,SA
HDWF2,4.20221754704925,0.964511520567052,Gen,Hornsdale Wind Farm,Wind,Semi-scheduled,SA
HDWF3,4.20221754704925,0.964511520567052,Gen,Hornsdale Wind Farm,Wind,Semi-scheduled,SA
HPRG1,13.101731532132,0.901342142303894,Gen,Hornsdale Power Reserve,Battery (Discharge),Scheduled,SA
HPRL1,7.95738321241806,0.964170424800901,Load,Hornsdale Power Reserve,Battery (Charge),Scheduled,SA
LADBROK1,57.5341394352548,0.89098131890262,Gen,Ladbroke Grove,Gas,Scheduled,SA
LADBROK2,57.5504422702628,0.889505270875177,Gen,Ladbroke Grove,Gas,Scheduled,SA
LBBG1,16.3551957715203,0.877196562807093,Gen,Lake Bonney BESS1,Battery (Discharge),Scheduled,SA
LBBL1,18.4754411697545,0.852128228922885,Load,Lake Bonney BESS1,Battery (Charge),Scheduled,SA
LGAPWF1,3.43485732080367,0.977381200924893,Gen,Lincoln Gap Wind Farm,Wind,Semi-scheduled,SA
LKBONNY2,10.4859783581499,0.870348265356355,Gen,Lake Bonney Stage 2,Wind,Semi-scheduled,SA
LKBONNY3,10.3433121350847,0.870352548507101,Gen,Lake Bonney Stage 3,Wind,Semi-scheduled,SA
LONSDALE,453.842417716089,0.927975841822364,Gen,Lonsdale,Liquid Fuel,Scheduled,SA
MINTARO,60.0786217682088,0.964719506856445,Gen,Mintaro,Gas,Scheduled,SA
NBHWF1,2.94140803820984,0.977441006923844,Gen,North Brown Hill Wind Farm,Wind,Semi-scheduled,SA
OSB-AG,26.7163338005942,0.971211278926995,Gen,Osborne,Gas,Scheduled,SA
POR01,468.902166101482,0.885066923053769,Gen,Port Lincoln,Liquid Fuel,Scheduled,SA
POR03,456.499507128032,0.886472861215854,Gen,Port Lincoln,Liquid Fuel,Scheduled,SA
PPCCGT,19.2192897324621,0.971393694329647,Gen,Pelican Point,Gas,Scheduled,SA
PTSTAN1,453.842417716089,0.927975841822364,Gen,Pt Stanvac,Liquid Fuel,Scheduled,SA
QPS1,46.0199913103571,0.966580737814801,Gen,Quarantine,Gas,Scheduled,SA
QPS2,46.0199913103571,0.966580737814801,Gen,Quarantine,Gas,Scheduled,SA
QPS3,46.0199913103571,0.966580737814801,Gen,Quarantine,Gas,Scheduled,SA
QPS4,46.0199913103571,0.966580737814801,Gen,Quarantine,Gas,Scheduled,SA
QPS5,46.0199913103571,0.966580737814801,Gen,Quarantine,Gas,Scheduled,SA
SNOWNTH1,3.55141496409763,0.977380616268888,Gen,Snowtown North Wind Farm,Wind,Semi-scheduled,SA
SNOWSTH1,3.55141496409763,0.977380616268888,Gen,Snowtown South Wind Farm,Wind,Semi-scheduled,SA
SNOWTWN1,4.29217581194085,0.977294897089678,Gen,Snowtown Wind Farm,Wind,Semi-scheduled,SA
SNUG1,464.367428406668,0.795500481018394,Gen,Snuggery,Liquid Fuel,Scheduled,SA
TBSF1,6.35794406373517,0.958105447103643,Gen,Tailem Bend Solar Project 1,Solar,Semi-scheduled,SA
TORRA1,52.6169869484515,0.965681121885646,Gen,Torrens Island,Gas,Scheduled,SA
TORRA2,52.6169869484515,0.965681121885646,Gen,Torrens Island,Gas,Scheduled,SA
TORRA3,52.6169869484515,0.965681121885646,Gen,Torrens Island,Gas,Scheduled,SA
TORRA4,52.6169869484515,0.965681121885646,Gen,Torrens Island,Gas,Scheduled,SA
TORRB1,44.0084707821764,0.966834662272895,Gen,Torrens Island,Gas,Scheduled,SA
TORRB2,44.0084707821764,0.966834662272895,Gen,Torrens Island,Gas,Scheduled,SA
TORRB3,44.0084707821764,0.966834662272895,Gen,Torrens Island,Gas,Scheduled,SA
TORRB4,44.0084707821764,0.966834662272895,Gen,Torrens Island,Gas,Scheduled,SA
WATERLWF,4.56654519332334,0.977294717549139,Gen,Waterloo Wind Farm,Wind,Semi-scheduled,SA
WGWF1,3.02951686476657,0.977439036949909,Gen,Willogoleche Wind Farm,Wind,Semi-scheduled,SA
BASTYAN,13.2425662014814,0.850208002683463,Gen,Bastyan,Hydro,Scheduled,TAS
BBTHREE1,40.318349563483,0.948433422768218,Gen,Tamar Valley Peaking,Gas,Scheduled,TAS
BBTHREE2,40.318349563483,0.948433422768218,Gen,Tamar Valley Peaking,Gas,Scheduled,TAS
BBTHREE3,40.318349563483,0.948433422768218,Gen,Tamar Valley Peaking,Gas,Scheduled,TAS
CETHANA,13.640986138783,0.853019288605069,Gen,Cethana,Hydro,Scheduled,TAS
DEVILS_G,18.1369757341032,0.86333839947165,Gen,Devils Gate,Hydro,Scheduled,TAS
FISHER,13.640986138783,0.853019288605069,Gen,Fisher,Hydro,Scheduled,TAS
GORDON,25.2372750319079,0.743031440364404,Gen,Gordon,Hydro,Scheduled,TAS
JBUTTERS,13.2614972033554,0.850227279514693,Gen,John Butters,Hydro,Scheduled,TAS
LEM_WIL,13.640986138783,0.853019288605069,Gen,Lemonthyme,Hydro,Scheduled,TAS
LI_WY_CA,22.8033877640275,0.769890595798186,Gen,Liapootah Wayatinah Catagunya Aggregate,Hydro,Scheduled,TAS
LK_ECHO,26.2559479208448,0.72307501533137,Gen,Lake Echo,Hydro,Scheduled,TAS
MACKNTSH,13.136795715292,0.849541312444172,Gen,Mackintosh,Hydro,Scheduled,TAS
MEADOWBK,26.3219669270959,0.723602599516908,Gen,Meadowbank,Hydro,Scheduled,TAS
MUSSELR1,18.0641955895399,0.771136325150527,Gen,Musselroe Wind Farm,Wind,Semi-scheduled,TAS
POAT110,13.8174091423003,0.857033262883918,Gen,Poatina,Hydro,Scheduled,TAS
POAT220,13.4246393502875,0.859548868140538,Gen,Poatina,Hydro,Scheduled,TAS
REECE1,13.1771605865057,0.849791943365517,Gen,Reece,Hydro,Scheduled,TAS
REECE2,13.2795917757963,0.850464387742766,Gen,Reece,Hydro,Scheduled,TAS
TARRALEA,26.251250015319,0.723165360808187,Gen,Tarraleah,Hydro,Scheduled,TAS
TREVALLN,13.4359595477733,0.859694916055745,Gen,Trevallyn,Hydro,Scheduled,TAS
TRIBUTE,13.2008379755311,0.849946791961025,Gen,Tribute,Hydro,Scheduled,TAS
TUNGATIN,26.251250015319,0.723165360808187,Gen,Tungatinah,Hydro,Scheduled,TAS
TVCC201,11.7243308824203,0.971309314720085,Gen,Tamar Valley,Gas,Scheduled,TAS
TVPP104,43.7586291448917,0.946916049686846,Gen,Tamar Valley Peaking,Gas,Scheduled,TAS
AGLSOM,56.491714653181,0.987812588763895,Gen,Somerton,Gas,Scheduled,VIC
ARWF1,26.302833432416,0.756497490733608,Gen,Ararat Wind Farm,Wind,Semi-scheduled,VIC
BALBG1,23.9459261288091,0.756871889777733,Gen,Ballarat Battery Energy Storage System,Battery (Discharge),Scheduled,VIC
BALBL1,23.5380950417827,0.757075967801838,Load,Ballarat Battery Energy Storage System,Battery (Charge),Scheduled,VIC
BALDHWF1,0.760293369972185,0.998982221209012,Gen,Bald Hills Wind Farm,Wind,Semi-scheduled,VIC
BANN1,25.6264610996755,0.744301284168411,Gen,Bannerton Solar Park,Solar,Semi-scheduled,VIC
BDL01,22.651131301269,0.992790089389363,Gen,Bairnsdale,Gas,Scheduled,VIC
BDL02,22.651131301269,0.992790089389363,Gen,Bairnsdale,Gas,Scheduled,VIC
CROWLWF1,26.0645486136159,0.756251206552474,Gen,Crowlands Wind Farm,Wind,Semi-scheduled,VIC
DARTM1,62.5223688838452,0.314086090026923,Gen,Dartmouth,Hydro,Scheduled,VIC
EILDON1,27.8084313782923,0.711523465735844,Gen,Eildon,Hydro,Scheduled,VIC
EILDON2,27.8084313782923,0.711523465735844,Gen,Eildon,Hydro,Scheduled,VIC
GANNBG1,52.8567861839083,0.482833718963464,Gen,Gannawarra Energy Storage System,Battery (Discharge),Scheduled,VIC
GANNBL1,28.0180156981283,0.745593252742915,Load,Gannawarra Energy Storage System,Battery (Charge),Scheduled,VIC
GANNSF1,48.7290296117255,0.482709109429851,Gen,Gannawarra Solar Farm,Solar,Semi-scheduled,VIC
HUMEV,37.5181843368006,0.778257213909671,Gen,Hume,Hydro,Scheduled,VIC
JLA01,62.2480048894077,0.98722339172144,Gen,Jeeralang A,Gas,Scheduled,VIC
JLA02,62.2480048894077,0.98722339172144,Gen,Jeeralang A,Gas,Scheduled,VIC
JLA03,62.2480048894077,0.98722339172144,Gen,Jeeralang A,Gas,Scheduled,VIC
JLA04,62.2480048894077,0.98722339172144,Gen,Jeeralang A,Gas,Scheduled,VIC
JLB01,62.2480048894077,0.98722339172144,Gen,Jeeralang B,Gas,Scheduled,VIC
JLB02,62.2480048894077,0.98722339172144,Gen,Jeeralang B,Gas,Scheduled,VIC
JLB03,62.2480048894077,0.98722339172144,Gen,Jeeralang B,Gas,Scheduled,VIC
KARSF1,26.3686707693693,0.717856471034363,Gen,Karadoc Solar Farm,Solar,Semi-scheduled,VIC
KIATAWF1,22.600369475873,0.752069417178481,Gen,Kiata Wind Farm,Wind,Semi-scheduled,VIC
LAVNORTH,31.2967152239598,0.991370207032961,Gen,Laverton,Gas,Scheduled,VIC
LNGS1,31.5501730051048,0.991195314522929,Gen,Laverton,Gas,Scheduled,VIC
LNGS2,31.5501730051048,0.991195314522929,Gen,Laverton,Gas,Scheduled,VIC
LOYYB1,0.610350060688008,0.999033315608951,Gen,Loy Yang B,Brown Coal,Scheduled,VIC
LOYYB2,0.610350060688008,0.999033315608951,Gen,Loy Yang B,Brown Coal,Scheduled,VIC
LYA1,0.604433714171382,0.999036700440264,Gen,Loy Yang A,Brown Coal,Scheduled,VIC
LYA2,0.604433714171382,0.999036700440264,Gen,Loy Yang A,Brown Coal,Scheduled,VIC
LYA3,0.604433714171382,0.999036700440264,Gen,Loy Yang A,Brown Coal,Scheduled,VIC
LYA4,0.604433714171382,0.999036700440264,Gen,Loy Yang A,Brown Coal,Scheduled,VIC
MACARTH1,-3.19579561439264,0.99841909680061,Gen,Macarthur Wind Farm,Wind,Semi-scheduled,VIC
MCKAY1,43.8170586039092,0.537842153061183,Gen,McKay,Hydro,Scheduled,VIC
MERCER01,22.2241051800262,0.757493164764526,Gen,Mt Mercer Wind Farm,Wind,Semi-scheduled,VIC
MORTLK11,26.8011595737312,0.989001884051621,Gen,Mortlake,Gas,Scheduled,VIC
MORTLK12,26.8011595737312,0.989001884051621,Gen,Mortlake,Gas,Scheduled,VIC
MTGELWF1,0.746398119799516,0.999298089213375,Gen,Mt Gellibrand Wind Farm,Wind,Semi-scheduled,VIC
MURRAY,70.1501677472586,0.222577824685377,Gen,Murray,Hydro,Scheduled,VIC
MUWAWF1,0.936369622090603,0.969437406209075,Gen,Murra Warra Wind Farm,Wind,Semi-scheduled,VIC
NPS,18.661681220147,0.993467901664782,Gen,Newport,Gas,Scheduled,VIC
NUMURSF1,1.8705210842224,0.987743046455931,Gen,Numurkah Solar Farm,Solar,Semi-scheduled,VIC
OAKLAND1,26.6338192442766,0.715613364270242,Gen,Oaklands Hill Wind Farm,Wind,Semi-scheduled,VIC
SALTCRK1,23.8097733230906,0.757864041408399,Gen,Salt Creek Wind Farm,Wind,Semi-scheduled,VIC
VPGS,56.2818408667843,0.987963770888532,Gen,Valley Power,Gas,Scheduled,VIC
VPGS1,56.281096087421,0.987963478673319,Gen,Valley Power,Gas,Scheduled,VIC
VPGS2,56.281096087421,0.987963478673319,Gen,Valley Power,Gas,Scheduled,VIC
VPGS3,56.281096087421,0.987963478673319,Gen,Valley Power,Gas,Scheduled,VIC
VPGS4,56.281096087421,0.987963478673319,Gen,Valley Power,Gas,Scheduled,VIC
VPGS5,56.281096087421,0.987963478673319,Gen,Valley Power,Gas,Scheduled,VIC
VPGS6,56.281096087421,0.987963478673319,Gen,Valley Power,Gas,Scheduled,VIC
WEMENSF1,25.6149349247755,0.744309573628657,Gen,Wemen Solar Farm,Solar,Semi-scheduled,VIC
WKIEWA1,66.5430341054732,0.263766788611651,Gen,West Kiewa,Hydro,Scheduled,VIC
WKIEWA2,66.5430341054732,0.263766788611651,Gen,West Kiewa,Hydro,Scheduled,VIC
YENDWF1,2.99658053730175,0.971609298747427,Gen,Yendon Wind Farm,Wind,Semi-scheduled,VIC
YWPS1,0.700107841250476,0.998981867606736,Gen,Yallourn W,Brown Coal,Scheduled,VIC
YWPS2,0.871574054838227,0.998911131424858,Gen,Yallourn W,Brown Coal,Scheduled,VIC
YWPS3,0.871574054838227,0.998911131424858,Gen,Yallourn W,Brown Coal,Scheduled,VIC
YWPS4,0.871574054838227,0.998911131424858,Gen,Yallourn W,Brown Coal,Scheduled,VIC
